{"is_source_file": true, "format": "bash", "description": "A shell script that detects backup files and restores various databases (SQLite, PostgreSQL, MySQL, MongoDB) accordingly.", "external_files": ["database_backup.db", "database_backup.sql", "database_backup.archive"], "external_methods": ["ls", "cp", "sudo -u postgres pg_isready", "psql", "mysqladmin", "mysql", "mongosh", "mongorestore", "echo"], "published": [], "classes": [], "methods": [], "calls": ["ls /usr/lib/postgresql/", "sudo -u postgres pg_isready", "psql", "mysqladmin ping", "mysqladmin ping --socket", "mysql", "mongosh --port", "mongorestore --port"], "search-terms": ["database restore script", "SQLite backup detection", "PostgreSQL restore", "MySQL restore", "MongoDB restore", "backup files detection", "restore database"], "state": 2, "file_id": 7, "knowledge_revision": 13, "git_revision": "0d645b832824fbb6e7b648a3bea2d5872c1e9f83", "hash": "67505395c0df4c9c001ab8f47571f3fb", "format-version": 4, "code-base-name": "database", "filename": "database/restore_db.sh", "revision_history": [{"13": "0d645b832824fbb6e7b648a3bea2d5872c1e9f83"}]}