{"is_source_file": true, "format": "bash", "description": "This is a shell script for automating database backups, supporting SQLite, PostgreSQL, MySQL, and MongoDB. It detects the type of database running and performs the respective backup commands.", "external_files": ["/usr/lib/postgresql/", "/usr/lib/postgresql/*/bin", "/var/run/mysqld/mysqld.sock"], "external_methods": ["pg_isready", "mysqladmin", "mysql", "mysqldump", "mongosh", "mongodump"], "published": [], "classes": [], "methods": [], "calls": ["ls", "cp", "sudo -u postgres pg_isready", "pg_dump", "mysqladmin ping", "mysql", "mysqldump", "sudo mysql", "mysql --socket", "sudo mysqldump", "mongosh", "mongodump"], "search-terms": ["backup_db.sh", "database backup script", "PostgreSQL backup", "MySQL backup", "MongoDB backup", "SQLite backup", "database detection", "shell script database backup"], "state": 2, "file_id": 2, "knowledge_revision": 10, "git_revision": "0d645b832824fbb6e7b648a3bea2d5872c1e9f83", "hash": "7af9aa35fa4940f934d83f6e2621b732", "format-version": 4, "code-base-name": "database", "filename": "database/backup_db.sh", "revision_history": [{"10": "0d645b832824fbb6e7b648a3bea2d5872c1e9f83"}]}