{"is_source_file": true, "format": "bash", "description": "A shell script for managing PostgreSQL database setup, including initialization, start, user and permission configuration, and environment setup.", "external_files": ["/usr/lib/postgresql/$(ls /usr/lib/postgresql/ | head -1)/bin/initdb", "/usr/lib/postgresql/$(ls /usr/lib/postgresql/ | head -1)/bin/postgres", "/usr/lib/postgresql/$(ls /usr/lib/postgresql/ | head -1)/bin/pg_isready", "/usr/lib/postgresql/$(ls /usr/lib/postgresql/ | head -1)/bin/psql", "/usr/lib/postgresql/$(ls /usr/lib/postgresql/ | head -1)/bin/createdb"], "external_methods": ["pg_isready", "psql", "initdb", "postgres", "createdb"], "published": ["db_connection.txt", "db_visualizer/postgres.env"], "classes": [], "methods": [], "calls": ["ls", "sudo", "pg_isready", "psql", "initdb", "postgres", "createdb", "cat", "echo", "sleep", "pgrep"], "search-terms": ["PostgreSQL", "startup script", "database initialization", "permission setup", "shell script", "pg_isready", "psql", "initdb", "postgres", "createdb"], "state": 2, "file_id": 3, "knowledge_revision": 11, "git_revision": "0d645b832824fbb6e7b648a3bea2d5872c1e9f83", "hash": "fa2aa67ea0a7c72f7c0958282f15a864", "format-version": 4, "code-base-name": "database", "filename": "database/startup.sh", "revision_history": [{"11": "0d645b832824fbb6e7b648a3bea2d5872c1e9f83"}]}