{"is_source_file": true, "format": "HTML", "description": "The file is an HTML source code for a web-based database viewer interface. It includes embedded JavaScript for dynamic data fetching and UI interactions, defining the structure and behavior of the database browsing dashboard.", "external_files": ["/api/databases", "/api/{db}/tables", "/api/{db}/tables/{tableName}/data"], "external_methods": ["fetch", "JSON.stringify", "JSON.parse"], "published": [], "classes": [], "methods": [{"name": "loadDatabases", "description": "Fetches the list of databases and populates the sidebar."}, {"name": "refreshDatabases", "description": "Refreshes the database list, resets current selections, and updates the UI."}, {"name": "toggleDatabase", "description": "Expands or collapses a specific database to show tables."}, {"name": "loadTables", "description": "Fetches tables for a selected database and displays them."}, {"name": "loadTableData", "description": "Fetches and displays data for a selected table."}, {"name": "renderTable", "description": "Renders data in a table format within the content area."}, {"name": "renderCell", "description": "Renders a table cell, handling special content like objects or long strings."}, {"name": "expandCell", "description": "Expands or collapses cell content for better visibility."}], "calls": ["fetch", "JSON.stringify", "JSON.parse"], "search-terms": ["database viewer", "HTML layout", "JavaScript data fetch", "interactive table", "expand cells", "sidebar database list"], "state": 2, "file_id": 4, "knowledge_revision": 14, "git_revision": "0d645b832824fbb6e7b648a3bea2d5872c1e9f83", "hash": "ee63333a4841bf025439c755a74c9881", "format-version": 4, "code-base-name": "database", "filename": "database/db_visualizer/public/index.html", "revision_history": [{"14": "0d645b832824fbb6e7b648a3bea2d5872c1e9f83"}]}