{"is_source_file": false, "format": "", "description": "", "external_files": [], "external_methods": [], "published": [], "classes": [], "methods": [], "calls": [], "search-terms": [], "state": 2, "file_id": 6, "knowledge_revision": 12, "git_revision": "0d645b832824fbb6e7b648a3bea2d5872c1e9f83", "hash": "0c9f36dfd1a6dee9fa952c06ab7d9563", "format-version": 4, "code-base-name": "database", "filename": "database/db_visualizer/package.json", "revision_history": [{"12": "0d645b832824fbb6e7b648a3bea2d5872c1e9f83"}]}